Entries= 35203, Total sum= 15523,,,,,,,,,,,,
 fSumw[0]=0, x=-40,=0,0,0,,,,,,,,1,0
 fSumw[1]=0, x=40,=0,0,0,,,,,,,,2,0
 fSumw[2]=0, x=120,=0,0,0,,,,,,,,3,0
 fSumw[3]=0, x=200,=0,0,0,,,,,,,,4,0
 fSumw[4]=0, x=280,=0,0,0,,,,,,,,5,0
 fSumw[5]=0, x=360,=0,0,0,,,,,,,,6,0
 fSumw[6]=0, x=440,=0,0,0,,,,,,,,7,0
 fSumw[7]=0, x=520,=0,0,0,,,,,,,,8,0
 fSumw[8]=0, x=600,=0,0,0,,,,,,,,9,0
 fSumw[9]=0, x=680,=0,0,0,,,,,,,,10,0
 fSumw[10]=0, x=760,]=0,0,0,,,,,,,,11,0
 fSumw[11]=0, x=840,]=0,0,0,,,,,,,,12,0
 fSumw[12]=0, x=920,]=0,0,0,,,,,,,,13,0
 fSumw[13]=0, x=1000,]=0,0,0,,,,,,,,14,0
 fSumw[14]=0, x=1080,]=0,0,0,,,,,,,,15,0
 fSumw[15]=0, x=1160,]=0,0,0,,,,,,,,16,0
 fSumw[16]=0, x=1240,]=0,0,0,,,,,,,,17,0
 fSumw[17]=0, x=1320,]=0,0,0,,,,,,,,18,0
 fSumw[18]=0, x=1400,]=0,0,0,,,,,,,,19,0
 fSumw[19]=0, x=1480,]=0,0,0,,,,,,,,20,0
 fSumw[20]=0, x=1560,]=0,0,0,,,,,,,,21,0
 fSumw[21]=0, x=1640,]=0,0,0,,,,,,,,22,0
 fSumw[22]=1, x=1720,]=1,1,1,,,,,,,,23,1
 fSumw[23]=3, x=1800,]=3,3,3,,,,,,,,24,3
 fSumw[24]=5, x=1880,]=5,5,5,,,,,,,,25,5
 fSumw[25]=7, x=1960,]=7,7,7,,,,,,,,26,7
 fSumw[26]=11, x=2040,]=11,11,11,,,,,,,,27,11
 fSumw[27]=12, x=2120,]=12,12,12,,,,,,,,28,12
 fSumw[28]=10, x=2200,]=10,10,10,,,,,,,,29,10
 fSumw[29]=14, x=2280,]=14,14,14,,,,,,,,30,14
 fSumw[30]=15, x=2360,]=15,15,15,,,,,,,,31,15
 fSumw[31]=19, x=2440,]=19,19,19,,,,,,,,32,19
 fSumw[32]=5, x=2520,]=5,5,5,,,,,,,,33,5
 fSumw[33]=7, x=2600,]=7,7,7,,,,,,,,34,7
 fSumw[34]=6, x=2680,]=6,6,6,,,,,,,,35,6
 fSumw[35]=10, x=2760,]=10,10,10,,,,,,,,36,10
 fSumw[36]=4, x=2840,]=4,4,4,,,,,,,,37,4
 fSumw[37]=7, x=2920,]=7,7,7,,,,,,,,38,7
 fSumw[38]=7, x=3000,]=7,7,7,,,,,,,,39,7
 fSumw[39]=3, x=3080,]=3,3,3,,,,,,,,40,3
 fSumw[40]=5, x=3160,]=5,5,5,,,,,,,,41,5
 fSumw[41]=10, x=3240,]=10,10,10,,,,,,,,42,10
 fSumw[42]=12, x=3320,]=12,12,12,,,,,,,,43,12
 fSumw[43]=30, x=3400,]=30,30,30,,,,,,,,44,30
 fSumw[44]=18, x=3480,]=18,18,18,,,,,,,,45,18
 fSumw[45]=39, x=3560,]=39,39,39,,,,,,,,46,39
 fSumw[46]=59, x=3640,]=59,59,59,,,,,,,,47,59
 fSumw[47]=66, x=3720,]=66,66,66,,,,,,,,48,66
 fSumw[48]=88, x=3800,]=88,88,88,,,,,,,,49,88
 fSumw[49]=109, x=3880,]=109,109,109,,,,,,,,50,109
 fSumw[50]=129, x=3960,]=129,129,129,,,,,,,,51,129
 fSumw[51]=168, x=4040,]=168,168,168,,,,,,,,52,168
 fSumw[52]=173, x=4120,]=173,173,173,,,,,,,,53,173
 fSumw[53]=206, x=4200,]=206,206,206,,,,,,,,54,206
 fSumw[54]=266, x=4280,]=266,266,266,,,,,,,,55,266
 fSumw[55]=280, x=4360,]=280,280,280,,,,,,,,56,280
 fSumw[56]=297, x=4440,]=297,297,297,,,,,,,,57,297
 fSumw[57]=298, x=4520,]=298,298,298,,,,,,,,58,298
 fSumw[58]=334, x=4600,]=334,334,334,,,,,,,,59,334
 fSumw[59]=372, x=4680,]=372,372,372,,,,,,,,60,372
 fSumw[60]=342, x=4760,]=342,342,342,,,,,,,,61,342
 fSumw[61]=358, x=4840,]=358,358,358,,,,,,,,62,358
 fSumw[62]=352, x=4920,]=352,352,352,,,,,,,,63,352
 fSumw[63]=332, x=5000,]=332,332,332,,,,,,,,64,332
 fSumw[64]=290, x=5080,]=290,290,290,,,,,,,,65,290
 fSumw[65]=282, x=5160,]=282,282,282,,,,,,,,66,282
 fSumw[66]=285, x=5240,]=285,285,285,,,,,,,,67,285
 fSumw[67]=253, x=5320,]=253,253,253,,,,,,,,68,253
 fSumw[68]=219, x=5400,]=219,219,219,,,,,,,,69,219
 fSumw[69]=229, x=5480,]=229,229,229,,,,,,,,70,229
 fSumw[70]=177, x=5560,]=177,177,177,,,,,,,,71,177
 fSumw[71]=174, x=5640,]=174,174,174,,,,,,,,72,174
 fSumw[72]=172, x=5720,]=172,172,172,,,,,,,,73,172
 fSumw[73]=147, x=5800,]=147,147,147,,,,,,,,74,147
 fSumw[74]=140, x=5880,]=140,140,140,,,,,,,,75,140
 fSumw[75]=143, x=5960,]=143,143,143,,,,,,,,76,143
 fSumw[76]=126, x=6040,]=126,126,126,,,,,,,,77,126
 fSumw[77]=125, x=6120,]=125,125,125,,,,,,,,78,125
 fSumw[78]=108, x=6200,]=108,108,108,,,,,,,,79,108
 fSumw[79]=113, x=6280,]=113,113,113,,,,,,,,80,113
 fSumw[80]=122, x=6360,]=122,122,122,,,,,,,,81,122
 fSumw[81]=118, x=6440,]=118,118,118,,,,,,,,82,118
 fSumw[82]=107, x=6520,]=107,107,107,,,,,,,,83,107
 fSumw[83]=73, x=6600,]=73,73,73,,,,,,,,84,73
 fSumw[84]=71, x=6680,]=71,71,71,,,,,,,,85,71
 fSumw[85]=98, x=6760,]=98,98,98,,,,,,,,86,98
 fSumw[86]=72, x=6840,]=72,72,72,,,,,,,,87,72
 fSumw[87]=54, x=6920,]=54,54,54,,,,,,,,88,54
 fSumw[88]=75, x=7000,]=75,75,75,,,,,,,,89,75
 fSumw[89]=58, x=7080,]=58,58,58,,,,,,,,90,58
 fSumw[90]=66, x=7160,]=66,66,66,,,,,,,,91,66
 fSumw[91]=50, x=7240,]=50,50,50,,,,,,,,92,50
 fSumw[92]=54, x=7320,]=54,54,54,,,,,,,,93,54
 fSumw[93]=66, x=7400,]=66,66,66,,,,,,,,94,66
 fSumw[94]=54, x=7480,]=54,54,54,,,,,,,,95,54
 fSumw[95]=59, x=7560,]=59,59,59,,,,,,,,96,59
 fSumw[96]=42, x=7640,]=42,42,42,,,,,,,,97,42
 fSumw[97]=49, x=7720,]=49,49,49,,,,,,,,98,49
 fSumw[98]=41, x=7800,]=41,41,41,,,,,,,,99,41
 fSumw[99]=41, x=7880,]=41,41,41,,,,,,,,100,41
 fSumw[100]=51, x=7960,0]=51,=51,51,,,,,,,,101,51
 fSumw[101]=40, x=8040,1]=40,=40,40,,,,,,,,102,40
 fSumw[102]=30, x=8120,2]=30,=30,30,,,,,,,,103,30
 fSumw[103]=36, x=8200,3]=36,=36,36,,,,,,,,104,36
 fSumw[104]=45, x=8280,4]=45,=45,45,,,,,,,,105,45
 fSumw[105]=35, x=8360,5]=35,=35,35,,,,,,,,106,35
 fSumw[106]=44, x=8440,6]=44,=44,44,,,,,,,,107,44
 fSumw[107]=33, x=8520,7]=33,=33,33,,,,,,,,108,33
 fSumw[108]=39, x=8600,8]=39,=39,39,,,,,,,,109,39
 fSumw[109]=40, x=8680,9]=40,=40,40,,,,,,,,110,40
 fSumw[110]=27, x=8760,0]=27,=27,27,,,,,,,,111,27
 fSumw[111]=26, x=8840,1]=26,=26,26,,,,,,,,112,26
 fSumw[112]=31, x=8920,2]=31,=31,31,,,,,,,,113,31
 fSumw[113]=30, x=9000,3]=30,=30,30,,,,,,,,114,30
 fSumw[114]=31, x=9080,4]=31,=31,31,,,,,,,,115,31
 fSumw[115]=35, x=9160,5]=35,=35,35,,,,,,,,116,35
 fSumw[116]=25, x=9240,6]=25,=25,25,,,,,,,,117,25
 fSumw[117]=32, x=9320,7]=32,=32,32,,,,,,,,118,32
 fSumw[118]=29, x=9400,8]=29,=29,29,,,,,,,,119,29
 fSumw[119]=31, x=9480,9]=31,=31,31,,,,,,,,120,31
 fSumw[120]=23, x=9560,0]=23,=23,23,,,,,,,,121,23
 fSumw[121]=33, x=9640,1]=33,=33,33,,,,,,,,122,33
 fSumw[122]=22, x=9720,2]=22,=22,22,,,,,,,,123,22
 fSumw[123]=26, x=9800,3]=26,=26,26,,,,,,,,124,26
 fSumw[124]=18, x=9880,4]=18,=18,18,,,,,,,,125,18
 fSumw[125]=36, x=9960,5]=36,=36,36,,,,,,,,126,36
 fSumw[126]=31, x=10040,6]=31,=31,31,,,,,,,,127,31
 fSumw[127]=34, x=10120,7]=34,=34,34,,,,,,,,128,34
 fSumw[128]=24, x=10200,8]=24,=24,24,,,,,,,,129,24
 fSumw[129]=21, x=10280,9]=21,=21,21,,,,,,,,130,21
 fSumw[130]=32, x=10360,0]=32,=32,32,,,,,,,,131,32
 fSumw[131]=19, x=10440,1]=19,=19,19,,,,,,,,132,19
 fSumw[132]=32, x=10520,2]=32,=32,32,,,,,,,,133,32
 fSumw[133]=23, x=10600,3]=23,=23,23,,,,,,,,134,23
 fSumw[134]=21, x=10680,4]=21,=21,21,,,,,,,,135,21
 fSumw[135]=29, x=10760,5]=29,=29,29,,,,,,,,136,29
 fSumw[136]=29, x=10840,6]=29,=29,29,,,,,,,,137,29
 fSumw[137]=26, x=10920,7]=26,=26,26,,,,,,,,138,26
 fSumw[138]=18, x=11000,8]=18,=18,18,,,,,,,,139,18
 fSumw[139]=20, x=11080,9]=20,=20,20,,,,,,,,140,20
 fSumw[140]=32, x=11160,0]=32,=32,32,,,,,,,,141,32
 fSumw[141]=33, x=11240,1]=33,=33,33,,,,,,,,142,33
 fSumw[142]=25, x=11320,2]=25,=25,25,,,,,,,,143,25
 fSumw[143]=29, x=11400,3]=29,=29,29,,,,,,,,144,29
 fSumw[144]=23, x=11480,4]=23,=23,23,,,,,,,,145,23
 fSumw[145]=16, x=11560,5]=16,=16,16,,,,,,,,146,16
 fSumw[146]=21, x=11640,6]=21,=21,21,,,,,,,,147,21
 fSumw[147]=24, x=11720,7]=24,=24,24,,,,,,,,148,24
 fSumw[148]=28, x=11800,8]=28,=28,28,,,,,,,,149,28
 fSumw[149]=24, x=11880,9]=24,=24,24,,,,,,,,150,24
 fSumw[150]=24, x=11960,0]=24,=24,24,,,,,,,,151,24
 fSumw[151]=24, x=12040,1]=24,=24,24,,,,,,,,152,24
 fSumw[152]=21, x=12120,2]=21,=21,21,,,,,,,,153,21
 fSumw[153]=21, x=12200,3]=21,=21,21,,,,,,,,154,21
 fSumw[154]=20, x=12280,4]=20,=20,20,,,,,,,,155,20
 fSumw[155]=17, x=12360,5]=17,=17,17,,,,,,,,156,17
 fSumw[156]=22, x=12440,6]=22,=22,22,,,,,,,,157,22
 fSumw[157]=20, x=12520,7]=20,=20,20,,,,,,,,158,20
 fSumw[158]=25, x=12600,8]=25,=25,25,,,,,,,,159,25
 fSumw[159]=22, x=12680,9]=22,=22,22,,,,,,,,160,22
 fSumw[160]=18, x=12760,0]=18,=18,18,,,,,,,,161,18
 fSumw[161]=25, x=12840,1]=25,=25,25,,,,,,,,162,25
 fSumw[162]=17, x=12920,2]=17,=17,17,,,,,,,,163,17
 fSumw[163]=22, x=13000,3]=22,=22,22,,,,,,,,164,22
 fSumw[164]=23, x=13080,4]=23,=23,23,,,,,,,,165,23
 fSumw[165]=31, x=13160,5]=31,=31,31,,,,,,,,166,31
 fSumw[166]=28, x=13240,6]=28,=28,28,,,,,,,,167,28
 fSumw[167]=22, x=13320,7]=22,=22,22,,,,,,,,168,22
 fSumw[168]=18, x=13400,8]=18,=18,18,,,,,,,,169,18
 fSumw[169]=22, x=13480,9]=22,=22,22,,,,,,,,170,22
 fSumw[170]=26, x=13560,0]=26,=26,26,,,,,,,,171,26
 fSumw[171]=19, x=13640,1]=19,=19,19,,,,,,,,172,19
 fSumw[172]=16, x=13720,2]=16,=16,16,,,,,,,,173,16
 fSumw[173]=21, x=13800,3]=21,=21,21,,,,,,,,174,21
 fSumw[174]=26, x=13880,4]=26,=26,26,,,,,,,,175,26
 fSumw[175]=31, x=13960,5]=31,=31,31,,,,,,,,176,31
 fSumw[176]=25, x=14040,6]=25,=25,25,,,,,,,,177,25
 fSumw[177]=20, x=14120,7]=20,=20,20,,,,,,,,178,20
 fSumw[178]=19, x=14200,8]=19,=19,19,,,,,,,,179,19
 fSumw[179]=24, x=14280,9]=24,=24,24,,,,,,,,180,24
 fSumw[180]=16, x=14360,0]=16,=16,16,,,,,,,,181,16
 fSumw[181]=22, x=14440,1]=22,=22,22,,,,,,,,182,22
 fSumw[182]=9, x=14520,2]=9,=9,9,,,,,,,,183,9
 fSumw[183]=13, x=14600,3]=13,=13,13,,,,,,,,184,13
 fSumw[184]=20, x=14680,4]=20,=20,20,,,,,,,,185,20
 fSumw[185]=14, x=14760,5]=14,=14,14,,,,,,,,186,14
 fSumw[186]=17, x=14840,6]=17,=17,17,,,,,,,,187,17
 fSumw[187]=16, x=14920,7]=16,=16,16,,,,,,,,188,16
 fSumw[188]=22, x=15000,8]=22,=22,22,,,,,,,,189,22
 fSumw[189]=23, x=15080,9]=23,=23,23,,,,,,,,190,23
 fSumw[190]=16, x=15160,0]=16,=16,16,,,,,,,,191,16
 fSumw[191]=16, x=15240,1]=16,=16,16,,,,,,,,192,16
 fSumw[192]=15, x=15320,2]=15,=15,15,,,,,,,,193,15
 fSumw[193]=25, x=15400,3]=25,=25,25,,,,,,,,194,25
 fSumw[194]=16, x=15480,4]=16,=16,16,,,,,,,,195,16
 fSumw[195]=19, x=15560,5]=19,=19,19,,,,,,,,196,19
 fSumw[196]=17, x=15640,6]=17,=17,17,,,,,,,,197,17
 fSumw[197]=17, x=15720,7]=17,=17,17,,,,,,,,198,17
 fSumw[198]=20, x=15800,8]=20,=20,20,,,,,,,,199,20
 fSumw[199]=18, x=15880,9]=18,=18,18,,,,,,,,200,18
 fSumw[200]=33, x=15960,0]=33,=33,33,,,,,,,,201,33
 fSumw[201]=28, x=16040,1]=28,=28,28,,,,,,,,202,28
 fSumw[202]=20, x=16120,2]=20,=20,20,,,,,,,,203,20
 fSumw[203]=19, x=16200,3]=19,=19,19,,,,,,,,204,19
 fSumw[204]=12, x=16280,4]=12,=12,12,,,,,,,,205,12
 fSumw[205]=17, x=16360,5]=17,=17,17,,,,,,,,206,17
 fSumw[206]=15, x=16440,6]=15,=15,15,,,,,,,,207,15
 fSumw[207]=18, x=16520,7]=18,=18,18,,,,,,,,208,18
 fSumw[208]=19, x=16600,8]=19,=19,19,,,,,,,,209,19
 fSumw[209]=12, x=16680,9]=12,=12,12,,,,,,,,210,12
 fSumw[210]=15, x=16760,0]=15,=15,15,,,,,,,,211,15
 fSumw[211]=22, x=16840,1]=22,=22,22,,,,,,,,212,22
 fSumw[212]=25, x=16920,2]=25,=25,25,,,,,,,,213,25
 fSumw[213]=22, x=17000,3]=22,=22,22,,,,,,,,214,22
 fSumw[214]=25, x=17080,4]=25,=25,25,,,,,,,,215,25
 fSumw[215]=19, x=17160,5]=19,=19,19,,,,,,,,216,19
 fSumw[216]=18, x=17240,6]=18,=18,18,,,,,,,,217,18
 fSumw[217]=17, x=17320,7]=17,=17,17,,,,,,,,218,17
 fSumw[218]=15, x=17400,8]=15,=15,15,,,,,,,,219,15
 fSumw[219]=15, x=17480,9]=15,=15,15,,,,,,,,220,15
 fSumw[220]=16, x=17560,0]=16,=16,16,,,,,,,,221,16
 fSumw[221]=19, x=17640,1]=19,=19,19,,,,,,,,222,19
 fSumw[222]=18, x=17720,2]=18,=18,18,,,,,,,,223,18
 fSumw[223]=22, x=17800,3]=22,=22,22,,,,,,,,224,22
 fSumw[224]=13, x=17880,4]=13,=13,13,,,,,,,,225,13
 fSumw[225]=16, x=17960,5]=16,=16,16,,,,,,,,226,16
 fSumw[226]=11, x=18040,6]=11,=11,11,,,,,,,,227,11
 fSumw[227]=19, x=18120,7]=19,=19,19,,,,,,,,228,19
 fSumw[228]=20, x=18200,8]=20,=20,20,,,,,,,,229,20
 fSumw[229]=18, x=18280,9]=18,=18,18,,,,,,,,230,18
 fSumw[230]=11, x=18360,0]=11,=11,11,,,,,,,,231,11
 fSumw[231]=10, x=18440,1]=10,=10,10,,,,,,,,232,10
 fSumw[232]=28, x=18520,2]=28,=28,28,,,,,,,,233,28
 fSumw[233]=16, x=18600,3]=16,=16,16,,,,,,,,234,16
 fSumw[234]=23, x=18680,4]=23,=23,23,,,,,,,,235,23
 fSumw[235]=16, x=18760,5]=16,=16,16,,,,,,,,236,16
 fSumw[236]=19, x=18840,6]=19,=19,19,,,,,,,,237,19
 fSumw[237]=13, x=18920,7]=13,=13,13,,,,,,,,238,13
 fSumw[238]=18, x=19000,8]=18,=18,18,,,,,,,,239,18
 fSumw[239]=17, x=19080,9]=17,=17,17,,,,,,,,240,17
 fSumw[240]=24, x=19160,0]=24,=24,24,,,,,,,,241,24
 fSumw[241]=16, x=19240,1]=16,=16,16,,,,,,,,242,16
 fSumw[242]=23, x=19320,2]=23,=23,23,,,,,,,,243,23
 fSumw[243]=16, x=19400,3]=16,=16,16,,,,,,,,244,16
 fSumw[244]=13, x=19480,4]=13,=13,13,,,,,,,,245,13
 fSumw[245]=11, x=19560,5]=11,=11,11,,,,,,,,246,11
 fSumw[246]=19, x=19640,6]=19,=19,19,,,,,,,,247,19
 fSumw[247]=18, x=19720,7]=18,=18,18,,,,,,,,248,18
 fSumw[248]=10, x=19800,8]=10,=10,10,,,,,,,,249,10
 fSumw[249]=10, x=19880,9]=10,=10,10,,,,,,,,250,10
 fSumw[250]=16, x=19960,0]=16,=16,16,,,,,,,,251,16
 fSumw[251]=14, x=20040,1]=14,=14,14,,,,,,,,252,14
 fSumw[252]=17, x=20120,2]=17,=17,17,,,,,,,,253,17
 fSumw[253]=21, x=20200,3]=21,=21,21,,,,,,,,254,21
 fSumw[254]=16, x=20280,4]=16,=16,16,,,,,,,,255,16
 fSumw[255]=14, x=20360,5]=14,=14,14,,,,,,,,256,14
 fSumw[256]=16, x=20440,6]=16,=16,16,,,,,,,,257,16
 fSumw[257]=14, x=20520,7]=14,=14,14,,,,,,,,258,14
 fSumw[258]=18, x=20600,8]=18,=18,18,,,,,,,,259,18
 fSumw[259]=13, x=20680,9]=13,=13,13,,,,,,,,260,13
 fSumw[260]=16, x=20760,0]=16,=16,16,,,,,,,,261,16
 fSumw[261]=20, x=20840,1]=20,=20,20,,,,,,,,262,20
 fSumw[262]=17, x=20920,2]=17,=17,17,,,,,,,,263,17
 fSumw[263]=13, x=21000,3]=13,=13,13,,,,,,,,264,13
 fSumw[264]=11, x=21080,4]=11,=11,11,,,,,,,,265,11
 fSumw[265]=15, x=21160,5]=15,=15,15,,,,,,,,266,15
 fSumw[266]=21, x=21240,6]=21,=21,21,,,,,,,,267,21
 fSumw[267]=19, x=21320,7]=19,=19,19,,,,,,,,268,19
 fSumw[268]=10, x=21400,8]=10,=10,10,,,,,,,,269,10
 fSumw[269]=15, x=21480,9]=15,=15,15,,,,,,,,270,15
 fSumw[270]=19, x=21560,0]=19,=19,19,,,,,,,,271,19
 fSumw[271]=21, x=21640,1]=21,=21,21,,,,,,,,272,21
 fSumw[272]=15, x=21720,2]=15,=15,15,,,,,,,,273,15
 fSumw[273]=11, x=21800,3]=11,=11,11,,,,,,,,274,11
 fSumw[274]=14, x=21880,4]=14,=14,14,,,,,,,,275,14
 fSumw[275]=11, x=21960,5]=11,=11,11,,,,,,,,276,11
 fSumw[276]=17, x=22040,6]=17,=17,17,,,,,,,,277,17
 fSumw[277]=19, x=22120,7]=19,=19,19,,,,,,,,278,19
 fSumw[278]=13, x=22200,8]=13,=13,13,,,,,,,,279,13
 fSumw[279]=15, x=22280,9]=15,=15,15,,,,,,,,280,15
 fSumw[280]=22, x=22360,0]=22,=22,22,,,,,,,,281,22
 fSumw[281]=23, x=22440,1]=23,=23,23,,,,,,,,282,23
 fSumw[282]=16, x=22520,2]=16,=16,16,,,,,,,,283,16
 fSumw[283]=19, x=22600,3]=19,=19,19,,,,,,,,284,19
 fSumw[284]=12, x=22680,4]=12,=12,12,,,,,,,,285,12
 fSumw[285]=15, x=22760,5]=15,=15,15,,,,,,,,286,15
 fSumw[286]=21, x=22840,6]=21,=21,21,,,,,,,,287,21
 fSumw[287]=18, x=22920,7]=18,=18,18,,,,,,,,288,18
 fSumw[288]=21, x=23000,8]=21,=21,21,,,,,,,,289,21
 fSumw[289]=18, x=23080,9]=18,=18,18,,,,,,,,290,18
 fSumw[290]=8, x=23160,0]=8,=8,8,,,,,,,,291,8
 fSumw[291]=16, x=23240,1]=16,=16,16,,,,,,,,292,16
 fSumw[292]=13, x=23320,2]=13,=13,13,,,,,,,,293,13
 fSumw[293]=13, x=23400,3]=13,=13,13,,,,,,,,294,13
 fSumw[294]=18, x=23480,4]=18,=18,18,,,,,,,,295,18
 fSumw[295]=17, x=23560,5]=17,=17,17,,,,,,,,296,17
 fSumw[296]=15, x=23640,6]=15,=15,15,,,,,,,,297,15
 fSumw[297]=10, x=23720,7]=10,=10,10,,,,,,,,298,10
 fSumw[298]=12, x=23800,8]=12,=12,12,,,,,,,,299,12
 fSumw[299]=18, x=23880,9]=18,=18,18,,,,,,,,300,18
 fSumw[300]=14, x=23960,0]=14,=14,14,,,,,,,,301,14
 fSumw[301]=15, x=24040,1]=15,=15,15,,,,,,,,302,15
 fSumw[302]=10, x=24120,2]=10,=10,10,,,,,,,,303,10
 fSumw[303]=16, x=24200,3]=16,=16,16,,,,,,,,304,16
 fSumw[304]=16, x=24280,4]=16,=16,16,,,,,,,,305,16
 fSumw[305]=18, x=24360,5]=18,=18,18,,,,,,,,306,18
 fSumw[306]=20, x=24440,6]=20,=20,20,,,,,,,,307,20
 fSumw[307]=11, x=24520,7]=11,=11,11,,,,,,,,308,11
 fSumw[308]=16, x=24600,8]=16,=16,16,,,,,,,,309,16
 fSumw[309]=13, x=24680,9]=13,=13,13,,,,,,,,310,13
 fSumw[310]=12, x=24760,0]=12,=12,12,,,,,,,,311,12
 fSumw[311]=15, x=24840,1]=15,=15,15,,,,,,,,312,15
 fSumw[312]=13, x=24920,2]=13,=13,13,,,,,,,,313,13
 fSumw[313]=11, x=25000,3]=11,=11,11,,,,,,,,314,11
 fSumw[314]=9, x=25080,4]=9,=9,9,,,,,,,,315,9
 fSumw[315]=21, x=25160,5]=21,=21,21,,,,,,,,316,21
 fSumw[316]=14, x=25240,6]=14,=14,14,,,,,,,,317,14
 fSumw[317]=19, x=25320,7]=19,=19,19,,,,,,,,318,19
 fSumw[318]=13, x=25400,8]=13,=13,13,,,,,,,,319,13
 fSumw[319]=15, x=25480,9]=15,=15,15,,,,,,,,320,15
 fSumw[320]=7, x=25560,0]=7,=7,7,,,,,,,,321,7
 fSumw[321]=16, x=25640,1]=16,=16,16,,,,,,,,322,16
 fSumw[322]=8, x=25720,2]=8,=8,8,,,,,,,,323,8
 fSumw[323]=15, x=25800,3]=15,=15,15,,,,,,,,324,15
 fSumw[324]=7, x=25880,4]=7,=7,7,,,,,,,,325,7
 fSumw[325]=13, x=25960,5]=13,=13,13,,,,,,,,326,13
 fSumw[326]=18, x=26040,6]=18,=18,18,,,,,,,,327,18
 fSumw[327]=14, x=26120,7]=14,=14,14,,,,,,,,328,14
 fSumw[328]=17, x=26200,8]=17,=17,17,,,,,,,,329,17
 fSumw[329]=19, x=26280,9]=19,=19,19,,,,,,,,330,19
 fSumw[330]=15, x=26360,0]=15,=15,15,,,,,,,,331,15
 fSumw[331]=10, x=26440,1]=10,=10,10,,,,,,,,332,10
 fSumw[332]=20, x=26520,2]=20,=20,20,,,,,,,,333,20
 fSumw[333]=15, x=26600,3]=15,=15,15,,,,,,,,334,15
 fSumw[334]=11, x=26680,4]=11,=11,11,,,,,,,,335,11
 fSumw[335]=16, x=26760,5]=16,=16,16,,,,,,,,336,16
 fSumw[336]=9, x=26840,6]=9,=9,9,,,,,,,,337,9
 fSumw[337]=14, x=26920,7]=14,=14,14,,,,,,,,338,14
 fSumw[338]=14, x=27000,8]=14,=14,14,,,,,,,,339,14
 fSumw[339]=5, x=27080,9]=5,=5,5,,,,,,,,340,5
 fSumw[340]=14, x=27160,0]=14,=14,14,,,,,,,,341,14
 fSumw[341]=9, x=27240,1]=9,=9,9,,,,,,,,342,9
 fSumw[342]=19, x=27320,2]=19,=19,19,,,,,,,,343,19
 fSumw[343]=10, x=27400,3]=10,=10,10,,,,,,,,344,10
 fSumw[344]=21, x=27480,4]=21,=21,21,,,,,,,,345,21
 fSumw[345]=16, x=27560,5]=16,=16,16,,,,,,,,346,16
 fSumw[346]=10, x=27640,6]=10,=10,10,,,,,,,,347,10
 fSumw[347]=11, x=27720,7]=11,=11,11,,,,,,,,348,11
 fSumw[348]=13, x=27800,8]=13,=13,13,,,,,,,,349,13
 fSumw[349]=26, x=27880,9]=26,=26,26,,,,,,,,350,26
 fSumw[350]=13, x=27960,0]=13,=13,13,,,,,,,,351,13
 fSumw[351]=18, x=28040,1]=18,=18,18,,,,,,,,352,18
 fSumw[352]=12, x=28120,2]=12,=12,12,,,,,,,,353,12
 fSumw[353]=13, x=28200,3]=13,=13,13,,,,,,,,354,13
 fSumw[354]=12, x=28280,4]=12,=12,12,,,,,,,,355,12
 fSumw[355]=20, x=28360,5]=20,=20,20,,,,,,,,356,20
 fSumw[356]=15, x=28440,6]=15,=15,15,,,,,,,,357,15
 fSumw[357]=16, x=28520,7]=16,=16,16,,,,,,,,358,16
 fSumw[358]=13, x=28600,8]=13,=13,13,,,,,,,,359,13
 fSumw[359]=10, x=28680,9]=10,=10,10,,,,,,,,360,10
 fSumw[360]=19, x=28760,0]=19,=19,19,,,,,,,,361,19
 fSumw[361]=11, x=28840,1]=11,=11,11,,,,,,,,362,11
 fSumw[362]=9, x=28920,2]=9,=9,9,,,,,,,,363,9
 fSumw[363]=11, x=29000,3]=11,=11,11,,,,,,,,364,11
 fSumw[364]=18, x=29080,4]=18,=18,18,,,,,,,,365,18
 fSumw[365]=13, x=29160,5]=13,=13,13,,,,,,,,366,13
 fSumw[366]=10, x=29240,6]=10,=10,10,,,,,,,,367,10
 fSumw[367]=11, x=29320,7]=11,=11,11,,,,,,,,368,11
 fSumw[368]=22, x=29400,8]=22,=22,22,,,,,,,,369,22
 fSumw[369]=17, x=29480,9]=17,=17,17,,,,,,,,370,17
 fSumw[370]=18, x=29560,0]=18,=18,18,,,,,,,,371,18
 fSumw[371]=19, x=29640,1]=19,=19,19,,,,,,,,372,19
 fSumw[372]=15, x=29720,2]=15,=15,15,,,,,,,,373,15
 fSumw[373]=15, x=29800,3]=15,=15,15,,,,,,,,374,15
 fSumw[374]=7, x=29880,4]=7,=7,7,,,,,,,,375,7
 fSumw[375]=15, x=29960,5]=15,=15,15,,,,,,,,376,15
 fSumw[376]=13, x=30040,6]=13,=13,13,,,,,,,,377,13
 fSumw[377]=10, x=30120,7]=10,=10,10,,,,,,,,378,10
 fSumw[378]=13, x=30200,8]=13,=13,13,,,,,,,,379,13
 fSumw[379]=15, x=30280,9]=15,=15,15,,,,,,,,380,15
 fSumw[380]=10, x=30360,0]=10,=10,10,,,,,,,,381,10
 fSumw[381]=15, x=30440,1]=15,=15,15,,,,,,,,382,15
 fSumw[382]=12, x=30520,2]=12,=12,12,,,,,,,,383,12
 fSumw[383]=12, x=30600,3]=12,=12,12,,,,,,,,384,12
 fSumw[384]=17, x=30680,4]=17,=17,17,,,,,,,,385,17
 fSumw[385]=11, x=30760,5]=11,=11,11,,,,,,,,386,11
 fSumw[386]=14, x=30840,6]=14,=14,14,,,,,,,,387,14
 fSumw[387]=6, x=30920,7]=6,=6,6,,,,,,,,388,6
 fSumw[388]=11, x=31000,8]=11,=11,11,,,,,,,,389,11
 fSumw[389]=10, x=31080,9]=10,=10,10,,,,,,,,390,10
 fSumw[390]=14, x=31160,0]=14,=14,14,,,,,,,,391,14
 fSumw[391]=7, x=31240,1]=7,=7,7,,,,,,,,392,7
 fSumw[392]=16, x=31320,2]=16,=16,16,,,,,,,,393,16
 fSumw[393]=8, x=31400,3]=8,=8,8,,,,,,,,394,8
 fSumw[394]=17, x=31480,4]=17,=17,17,,,,,,,,395,17
 fSumw[395]=9, x=31560,5]=9,=9,9,,,,,,,,396,9
 fSumw[396]=10, x=31640,6]=10,=10,10,,,,,,,,397,10
 fSumw[397]=15, x=31720,7]=15,=15,15,,,,,,,,398,15
 fSumw[398]=9, x=31800,8]=9,=9,9,,,,,,,,399,9
 fSumw[399]=10, x=31880,9]=10,=10,10,,,,,,,,400,10
 fSumw[400]=18, x=31960,0]=18,=18,18,,,,,,,,401,18
 fSumw[401]=10, x=32040,1]=10,=10,10,,,,,,,,402,10
 fSumw[402]=6, x=32120,2]=6,=6,6,,,,,,,,403,6
 fSumw[403]=13, x=32200,3]=13,=13,13,,,,,,,,404,13
 fSumw[404]=7, x=32280,4]=7,=7,7,,,,,,,,405,7
 fSumw[405]=9, x=32360,5]=9,=9,9,,,,,,,,406,9
 fSumw[406]=11, x=32440,6]=11,=11,11,,,,,,,,407,11
 fSumw[407]=17, x=32520,7]=17,=17,17,,,,,,,,408,17
 fSumw[408]=14, x=32600,8]=14,=14,14,,,,,,,,409,14
 fSumw[409]=14, x=32680,9]=14,=14,14,,,,,,,,410,14
 fSumw[410]=9, x=32760,0]=9,=9,9,,,,,,,,411,9
 fSumw[411]=15, x=32840,1]=15,=15,15,,,,,,,,412,15
 fSumw[412]=11, x=32920,2]=11,=11,11,,,,,,,,413,11
 fSumw[413]=12, x=33000,3]=12,=12,12,,,,,,,,414,12
 fSumw[414]=13, x=33080,4]=13,=13,13,,,,,,,,415,13
 fSumw[415]=12, x=33160,5]=12,=12,12,,,,,,,,416,12
 fSumw[416]=9, x=33240,6]=9,=9,9,,,,,,,,417,9
 fSumw[417]=12, x=33320,7]=12,=12,12,,,,,,,,418,12
 fSumw[418]=7, x=33400,8]=7,=7,7,,,,,,,,419,7
 fSumw[419]=6, x=33480,9]=6,=6,6,,,,,,,,420,6
 fSumw[420]=12, x=33560,0]=12,=12,12,,,,,,,,421,12
 fSumw[421]=8, x=33640,1]=8,=8,8,,,,,,,,422,8
 fSumw[422]=9, x=33720,2]=9,=9,9,,,,,,,,423,9
 fSumw[423]=7, x=33800,3]=7,=7,7,,,,,,,,424,7
 fSumw[424]=11, x=33880,4]=11,=11,11,,,,,,,,425,11
 fSumw[425]=8, x=33960,5]=8,=8,8,,,,,,,,426,8
 fSumw[426]=16, x=34040,6]=16,=16,16,,,,,,,,427,16
 fSumw[427]=10, x=34120,7]=10,=10,10,,,,,,,,428,10
 fSumw[428]=10, x=34200,8]=10,=10,10,,,,,,,,429,10
 fSumw[429]=13, x=34280,9]=13,=13,13,,,,,,,,430,13
 fSumw[430]=8, x=34360,0]=8,=8,8,,,,,,,,431,8
 fSumw[431]=10, x=34440,1]=10,=10,10,,,,,,,,432,10
 fSumw[432]=12, x=34520,2]=12,=12,12,,,,,,,,433,12
 fSumw[433]=10, x=34600,3]=10,=10,10,,,,,,,,434,10
 fSumw[434]=9, x=34680,4]=9,=9,9,,,,,,,,435,9
 fSumw[435]=6, x=34760,5]=6,=6,6,,,,,,,,436,6
 fSumw[436]=13, x=34840,6]=13,=13,13,,,,,,,,437,13
 fSumw[437]=15, x=34920,7]=15,=15,15,,,,,,,,438,15
 fSumw[438]=8, x=35000,8]=8,=8,8,,,,,,,,439,8
 fSumw[439]=17, x=35080,9]=17,=17,17,,,,,,,,440,17
 fSumw[440]=16, x=35160,0]=16,=16,16,,,,,,,,441,16
 fSumw[441]=12, x=35240,1]=12,=12,12,,,,,,,,442,12
 fSumw[442]=12, x=35320,2]=12,=12,12,,,,,,,,443,12
 fSumw[443]=15, x=35400,3]=15,=15,15,,,,,,,,444,15
 fSumw[444]=9, x=35480,4]=9,=9,9,,,,,,,,445,9
 fSumw[445]=15, x=35560,5]=15,=15,15,,,,,,,,446,15
 fSumw[446]=7, x=35640,6]=7,=7,7,,,,,,,,447,7
 fSumw[447]=8, x=35720,7]=8,=8,8,,,,,,,,448,8
 fSumw[448]=13, x=35800,8]=13,=13,13,,,,,,,,449,13
 fSumw[449]=5, x=35880,9]=5,=5,5,,,,,,,,450,5
 fSumw[450]=10, x=35960,0]=10,=10,10,,,,,,,,451,10
 fSumw[451]=14, x=36040,1]=14,=14,14,,,,,,,,452,14
 fSumw[452]=9, x=36120,2]=9,=9,9,,,,,,,,453,9
 fSumw[453]=13, x=36200,3]=13,=13,13,,,,,,,,454,13
 fSumw[454]=17, x=36280,4]=17,=17,17,,,,,,,,455,17
 fSumw[455]=14, x=36360,5]=14,=14,14,,,,,,,,456,14
 fSumw[456]=9, x=36440,6]=9,=9,9,,,,,,,,457,9
 fSumw[457]=16, x=36520,7]=16,=16,16,,,,,,,,458,16
 fSumw[458]=12, x=36600,8]=12,=12,12,,,,,,,,459,12
 fSumw[459]=16, x=36680,9]=16,=16,16,,,,,,,,460,16
 fSumw[460]=11, x=36760,0]=11,=11,11,,,,,,,,461,11
 fSumw[461]=12, x=36840,1]=12,=12,12,,,,,,,,462,12
 fSumw[462]=15, x=36920,2]=15,=15,15,,,,,,,,463,15
 fSumw[463]=10, x=37000,3]=10,=10,10,,,,,,,,464,10
 fSumw[464]=13, x=37080,4]=13,=13,13,,,,,,,,465,13
 fSumw[465]=8, x=37160,5]=8,=8,8,,,,,,,,466,8
 fSumw[466]=12, x=37240,6]=12,=12,12,,,,,,,,467,12
 fSumw[467]=5, x=37320,7]=5,=5,5,,,,,,,,468,5
 fSumw[468]=9, x=37400,8]=9,=9,9,,,,,,,,469,9
 fSumw[469]=10, x=37480,9]=10,=10,10,,,,,,,,470,10
 fSumw[470]=15, x=37560,0]=15,=15,15,,,,,,,,471,15
 fSumw[471]=17, x=37640,1]=17,=17,17,,,,,,,,472,17
 fSumw[472]=12, x=37720,2]=12,=12,12,,,,,,,,473,12
 fSumw[473]=15, x=37800,3]=15,=15,15,,,,,,,,474,15
 fSumw[474]=19, x=37880,4]=19,=19,19,,,,,,,,475,19
 fSumw[475]=11, x=37960,5]=11,=11,11,,,,,,,,476,11
 fSumw[476]=6, x=38040,6]=6,=6,6,,,,,,,,477,6
 fSumw[477]=13, x=38120,7]=13,=13,13,,,,,,,,478,13
 fSumw[478]=11, x=38200,8]=11,=11,11,,,,,,,,479,11
 fSumw[479]=16, x=38280,9]=16,=16,16,,,,,,,,480,16
 fSumw[480]=12, x=38360,0]=12,=12,12,,,,,,,,481,12
 fSumw[481]=15, x=38440,1]=15,=15,15,,,,,,,,482,15
 fSumw[482]=13, x=38520,2]=13,=13,13,,,,,,,,483,13
 fSumw[483]=13, x=38600,3]=13,=13,13,,,,,,,,484,13
 fSumw[484]=7, x=38680,4]=7,=7,7,,,,,,,,485,7
 fSumw[485]=11, x=38760,5]=11,=11,11,,,,,,,,486,11
 fSumw[486]=11, x=38840,6]=11,=11,11,,,,,,,,487,11
 fSumw[487]=8, x=38920,7]=8,=8,8,,,,,,,,488,8
 fSumw[488]=8, x=39000,8]=8,=8,8,,,,,,,,489,8
 fSumw[489]=9, x=39080,9]=9,=9,9,,,,,,,,490,9
 fSumw[490]=12, x=39160,0]=12,=12,12,,,,,,,,491,12
 fSumw[491]=10, x=39240,1]=10,=10,10,,,,,,,,492,10
 fSumw[492]=15, x=39320,2]=15,=15,15,,,,,,,,493,15
 fSumw[493]=9, x=39400,3]=9,=9,9,,,,,,,,494,9
 fSumw[494]=12, x=39480,4]=12,=12,12,,,,,,,,495,12
 fSumw[495]=14, x=39560,5]=14,=14,14,,,,,,,,496,14
 fSumw[496]=12, x=39640,6]=12,=12,12,,,,,,,,497,12
 fSumw[497]=13, x=39720,7]=13,=13,13,,,,,,,,498,13
 fSumw[498]=10, x=39800,8]=10,=10,10,,,,,,,,499,10
 fSumw[499]=14, x=39880,9]=14,=14,14,,,,,,,,500,14
 fSumw[500]=8, x=39960,0]=8,=8,8,,,,,,,,501,8
 fSumw[501]=19680, x=40040,1]=19680,=19680,19680,,,,,,,,502,19680